,End Page,Start Page
0,375,358
1,375,1046
2,228803,228798
3,403,383
4,156,135
6,98,87
7,389,375
8,96,87
9,68,60
10,431,423
11,164,161
12,30,21
14,421,410
15,1086,1083
16,104,99
17,823,813
18,1239,1229
20,1079,1065
21,838,833
22,2896,2893
23,212,206
24,1121,1109
25,696,684
26,639,636
28,98,84
29,178,169
30,50,33
32,97,92
33,91,83
34,1364,1355
36,178,165
38,551,531
39,494,493
40,148,101
41,1052,1049
42,115,103
43,237,223
44,67,53
45,248,244
47,5477,5471
48,1730,1726
49,175,166
50,175,663
51,221,212
52,193,190
53,118,110
54,2653,2648
56,91,83
57,36,33
58,36,655
59,687,682
60,286,277
61,104484,104469
62,488,484
63,455,440
64,42,39
65,1617,1608
66,494,483
67,728,725
68,148,145
69,794,779
70,3789,3755
71,36,33
72,36,305
73,44,13
74,95,89
75,145,133
76,472,465
77,20,11
78,648,643
79,59,48
80,224,212
81,1227,1220
82,225,212
83,554,545
84,1389,1375
86,753,746
88,753,156
89,42,17
90,6440,6409
91,290,281
92,263,260
93,336,336
94,570,566
95,262,260
96,4534,4529
97,850,845
98,746,739
99,462,453
100,440,433
101,193,180
102,49,38
103,127,101
104,1607,1600
105,198,191
107,1923,1913
108,23,21
111,52,40
113,65370,65352
114,576,545
115,45,29
116,1276,1270
117,799,781
118,1051,1044
119,7030,7023
121,237,226
122,1714,1705
123,1714,490
124,189,179
125,422,416
126,422,1320
127,1771,1766
128,1624,1618
129,481,474
130,125,118
131,705,705
133,99,76
134,99,606
135,335,331
136,4003,3996
137,369,356
138,301,292
139,327,318
140,327,111
141,327,141
142,72725,72716
143,1919,1906
144,142,132
145,91,84
146,611,605
147,1650,1644
148,279,259
149,83,59
150,486,465
151,685,678
152,488,483
153,480,473
155,37,27
156,4994,4987
157,756,751
159,111,97
160,22,4
161,501,498
162,501,450
163,2082,2067
164,95,90
165,3721,3713
166,360,348
167,354,339
168,526,522
169,183,163
171,781,772
172,29,17
173,177,161
174,69,60
176,291,280
177,291,625
178,160,153
179,457,454
180,278,268
181,146,120
183,448,395
184,532,509
185,532,515
186,1996,1991
187,266,260
188,373,355
189,807,798
190,3131,3125
191,22,12
192,22,90
193,99,90
194,127,122
195,519,511
196,472,464
197,309,300
198,506,498
199,182,179
200,736,718
201,51,40
202,156,137
204,43,26
205,2015,2010
207,12,1
208,94,71
209,626,597
210,116,113
211,354,343
212,70,58
213,530,509
214,9756,9749
215,504,494
217,369,360
218,255,250
219,118,107
221,118,589
222,9497,9490
223,98,95
224,38,28
225,70,59
226,2092,2081
227,51,37
228,405,383
229,7567,7563
230,1944,1887
231,114,105
232,251,245
233,53519,53509
234,308,305
235,167,154
236,112,106
237,174,167
238,1041,1031
239,998,993
240,17,1
241,262,249
242,347,338
243,2046,2037
244,1771,1763
245,17,11
246,145,120
247,886,881
248,5309,5306
249,699,687
250,2943,2938
251,2705,2698
253,1705,1693
254,24,19
255,640,635
257,141,135
258,141,1612
259,571,563
262,838,830
263,386,370
264,143,139
265,147,125
266,234,229
267,363,352
268,97,81
269,24,11
270,223,213
272,223,662
273,280,277
274,152,144
275,338,332
277,260,247
280,2008,1998
281,386,378
282,18,11
283,1461,1452
284,3701,3692
287,252,246
288,66,52
290,19,13
291,169,157
292,101,92
294,136,119
295,1074,1071
296,1397,1385
297,370,361
298,466,457
299,326,315
300,30,25
301,1121,1119
302,762,753
304,762,92
305,543,527
306,398,392
307,26,23
308,26,2743
309,26,179
310,118,113
311,1568,1553
313,994,991
314,503,494
315,429,413
317,485,479
318,479,468
319,4309,4299
320,280,272
321,328,319
324,30,17
325,272,261
326,100211,100194
327,485,463
328,485,84
329,264,261
330,63,46
331,349,345
332,1438,1425
333,S44,S19
336,578,565
337,62,46
338,75,70
340,999,973
341,1281,1274
343,27,19
345,322,305
346,56,51
347,86,61
348,783,771
349,723,711
350,1231,1211
351,1231,87
352,271,259
353,7943,7933
355,60,45
359,313,305
360,86,81
362,86,434
363,86,1
364,278,267
365,231,224
366,118,112
367,840,832
368,827,822
369,2119,2114
370,20,11
372,321,304
373,308,275
376,2704,2704
377,499,494
378,430,425
379,42,35
380,206,201
381,370,341
382,106,99
384,241,215
386,78,66
387,43,32
388,31,20
389,51,47
390,196,177
391,230,221
392,225,210
394,1599,1591
395,166,149
396,234,228
397,1338,1333
398,2196,2189
399,164,155
400,890,881
401,907,859
402,466,456
403,740,737
405,166,157
406,259,255
407,1115,1106
408,1499,1482
409,44,37
410,214,191
412,819,801
413,26,15
414,101,91
415,62,39
416,39,34
417,48,34
418,292,275
419,449,438
420,147,125
421,9473,9449
422,9473,761
423,82,75
424,536,521
425,39,15
426,6,1
427,681,671
428,2721,2714
430,3574,3573
431,1355,1342
432,592,580
434,429,399
435,294,291
436,71,63
437,55,39
438,210,203
439,1062,1051
440,429,425
441,996,989
442,2731,2715
443,427,421
444,471,467
445,107,91
446,327,297
447,163,154
449,143,135
451,580,549
452,412,409
453,1442,1434
454,289,284
456,546,539
459,923,919
460,60,56
461,4167,4157
462,302,297
463,82,71
464,195,189
465,279,265
466,210,173
468,607,599
469,209,197
470,319,318
471,371,365
472,151,142
473,14,2
474,14,51
475,10406,10389
478,1321,1316
479,164,159
480,772,763
481,590,585
482,125,119
483,802,799
484,13833,13825
485,3881,3876
486,54,23
487,706,694
488,257,251
490,961,954
491,44,39
492,767,753
493,1342,1321
494,138,125
495,243,197
496,456,446
497,244,235
498,244,411
499,1557,1556
500,1007,1000
501,250,241
502,410,403
503,175,159
504,1021,1010
505,101,89
507,449,443
508,8,1
509,340,319
510,651,648
511,137,129
512,304,291
513,305,298
515,4958,4957
516,485,480
517,1740,1721
518,268,265
519,268,269
520,1462,1451
522,1462,181
523,388,371
524,2560,2551
525,312,295
526,2305,2297
527,40,31
528,366,357
529,1611,1601
530,200,185
531,490,473
532,359,355
534,56,47
535,129,126
536,36,31
537,54,42
538,380,377
539,641,636
541,195,182
542,338,318
543,429,423
544,929,922
545,839,834
546,60,45
547,1269,1264
548,209,194
550,209,328
551,405,392
552,1243,1231
553,108,103
554,397,385
557,336,329
558,203,194
559,367,357
560,3108,3085
561,901,889
562,671,661
563,622,605
564,256,247
565,13,8
566,2094,2086
567,641,628
568,45,40
569,262,237
570,347,334
571,1579,1570
572,448,443
573,4657,4645
574,219,201
575,267,253
576,58,51
578,385,375
579,275,268
580,661,651
582,397,385
583,913,904
584,1838,1832
585,167,155
586,288,280
587,337,328
589,297,292
590,5480,5473
591,2275,2264
592,465,458
593,549,544
594,190,181
595,1597,1593
596,871,862
597,5466,5457
598,5585,5578
599,3190,3186
600,1005,1005
602,901,892
603,97,87
604,97,373
605,241,228
606,232,228
607,631,625
608,460,425
609,281,270
610,135,133
611,643,638
613,268,257
614,5,1
615,1409,1386
616,1072,1065
617,20,14
618,280,275
619,873,864
621,398,395
622,130,129
623,1550,1547
624,428,424
625,1179,1176
626,127,119
627,173,158
628,224,179
630,591,587
631,943,931
632,2008,2000
634,7483,7476
635,53,46
636,258,251
637,105,87
638,559,554
639,87,67
641,144,140
642,4431,4419
643,59,49
644,2588,2583
645,2398,2389
646,86,67
647,2369,2351
649,9417,9410
650,80,73
652,142,133
653,2489,2469
654,257,245
655,249,241
656,1728,1724
657,11,1
658,148,130
660,460,449
662,405,390
663,709,699
666,60,54
667,476,463
669,1175,1170
670,373,364
671,27,16
673,185,175
674,352,329
675,66,58
676,937,922
679,1940,1937
680,225,220
681,33,20
682,479,474
683,7551,7544
685,1003,997
686,28,25
687,53,25
688,3632,3621
689,164,143
690,153,133
691,243,234
692,674,672
693,123,97
694,182,172
696,996,989
697,4619,4613
698,544,534
699,770,764
700,4386,4379
701,4386,85
702,6,1
703,479,457
704,19,12
705,2016,2013
706,200,188
708,159,154
709,2434,2427
710,32,3
711,346,345
712,1418,1411
713,590,583
715,45,34
718,939,927
719,1968,1945
721,280,270
722,191,181
723,206,186
724,750,737
725,823,813
727,192,161
728,630,620
729,1981,1967
730,102,99
732,46,39
733,88,71
734,287,272
735,424,409
736,418,413
737,791,786
739,130,120
740,354,309
741,260,256
742,74,67
744,806,795
745,2124,2121
747,365,347
748,204,195
749,178,166
750,1246,1233
751,52,43
752,1135,1124
753,5045,5036
754,265,261
755,165,158
756,3213,3209
757,1933,1913
758,1933,9
759,3014,3005
760,347,337
761,23,1
762,246,233
763,14,3
764,320,315
765,156,132
766,99,96
767,117,110
768,337,334
769,168,154
770,385,379
773,52,40
774,247,216
775,842,811
777,51,46
778,465,460
779,1511,1504
780,320,307
781,1605,1588
782,49,40
783,657,653
784,82,71
785,703,687
786,5341,5333
787,1530,1519
789,127,115
790,339,328
791,339,13
793,133,128
794,292,270
795,304,299
796,187,172
797,131,120
798,508,498
799,60,37
800,1013,999
801,219,179
803,457,431
805,1207,1202
808,342,337
809,569,564
810,775,763
811,807,769
812,4869,4861
813,436,421
814,2203,2197
815,4214,4204
816,329,326
817,8,1
818,176,155
819,1034,1015
820,2311,2296
821,523,512
822,284,275
823,635,624
825,932,925
826,824,821
827,175,164
829,340,327
830,340,115
831,3226,3211
833,59,42
834,141,131
835,666,658
836,759,729
837,1288,1280
838,652,641
839,85,66
840,47,40
841,553,543
843,218,203
844,749,743
845,247,232
846,92668,92659
847,7658,7651
848,87,82
849,649,633
852,25,11
854,189,174
855,518,509
856,347,346
857,673,629
858,10194,10177
859,203,178
861,1791,1765
862,234,228
864,94,86
865,61,52
866,264,258
867,128,120
868,632,623
870,459,451
871,1776,1771
873,136,130
874,47,40
875,530,479
876,530,54
877,1002,955
878,56,50
880,185,169
882,99,90
883,296,292
884,539,528
885,639,629
886,29,18
888,212,207
890,71,59
891,644,640
892,4259,4252
893,1836,1815
894,136,133
895,28,24
896,2431,2424
897,4513,4506
898,378,351
899,378,141
900,82,73
901,244,237
902,6965,6956
903,3313,3308
904,22,16
907,361,357
908,E64,E56
909,4624,4619
910,340,333
911,516,504
912,207,196
913,174,164
914,2226,2223
915,313,306
916,433,426
917,1032,1029
918,357,341
919,501,481
920,29,22
921,49,42
922,155,143
923,277,265
924,135,119
925,641,634
926,150,146
927,167,156
928,120,109
929,84,81
930,136,129
931,260,249
932,63,43
933,446,437
935,282,275
936,110,104
937,54,49
938,911,900
939,447,439
940,4546,4536
943,1510,1496
946,300,296
950,1617,1611
951,206,201
952,3899,3885
953,472,468
954,27,1
955,2285,2280
956,308,299
957,2280,2271
958,22,12
959,692,677
960,893,886
961,380,366
962,110,101
965,448,432
966,338,337
967,426,414
968,157,146
969,4091,4087
970,121,116
971,2341,2339
972,99,94
973,52,47
974,2445,2444
975,89,78
976,385,357
977,533,533
978,532,531
979,85,79
980,80,68
981,464,441
982,143,136
983,584,581
984,2364,2359
985,10607,10593
986,333,328
988,29,23
990,S4549,S4535
991,192,184
992,1266,1259
993,467,453
994,210,179
995,553,548
996,2633,2629
997,2633,550
998,D967,D963
999,1902,1893
0,146,137
1,956,951
2,632,630
3,951,947
4,1802,1796
6,368,362
7,141,127
8,1040,1028
9,1040,421
10,1181,1171
11,273,261
12,322,313
13,634,623
14,1534,1531
15,932,924
16,415,404
17,287,275
19,139095,139084
20,792,788
21,58,55
23,33,21
24,554,544
25,88,77
27,95,70
28,208,199
29,14,1
30,760,744
31,1015,996
32,255,231
34,111,89
35,1420,1416
36,3495,3488
38,19,1
39,87,83
40,42,40
41,196,187
42,596,591
44,71,56
45,116,111
46,818,807
48,222,211
49,168898,168889
50,70,63
51,478,473
53,1748,1745
54,4115,4109
55,19600,19567
56,175,164
57,226,220
58,521,515
59,2050,2039
60,1334,1322
61,6916,6904
62,61,53
63,775,759
65,524,512
66,1229,1224
67,595,583
69,1083,1073
70,124,119
71,475,471
72,449,442
73,457,448
74,109,89
75,259,256
76,454,451
77,72,69
78,89,78
79,62,55
80,92,85
81,493,489
82,49,42
83,295,287
85,186,147
87,60,51
88,49907,49896
89,1520,1506
90,920,896
91,72,65
92,7747,7740
93,434,425
95,171,163
96,585,578
97,90,87
98,17,10
99,22,13
100,88,72
101,158,145
102,98,97
103,1909,1902
104,663,633
105,663,448
106,15,12
107,15,574
109,214,207
110,3852,3847
111,1387,1383
112,309,302
113,545,527
114,212854,212838
115,177,167
116,407,401
117,656,651
118,1493,1471
119,58,42
120,467,462
121,746,741
124,353,348
125,76,69
126,587,582
127,454,442
128,2120,2117
129,2120,237
130,359,331
131,982,978
133,1396,1387
134,98,84
135,277,273
136,97,87
137,42,37
138,725,713
139,520,515
140,3461,3455
141,1692,1689
142,82,61
143,97,87
144,1026,1022
145,213,208
146,139,134
147,1634,1613
148,76,71
149,169433,169426
150,519,514
151,1200,1195
152,107,100
153,181,173
157,7189,7185
158,336,297
159,14368,14358
160,984,981
161,240,235
162,240,157
163,59,54
164,153,147
166,552,537
167,142,141
168,142,497
169,567,555
172,308,295
173,144,126
174,293,288
175,136,119
177,2306,2303
178,120,113
179,437,425
180,947,938
181,485,447
182,9465,9460
183,3040,3029
184,860,855
185,353,350
186,164,158
187,463,447
188,463,219
189,179,166
190,12,7
191,955,938
192,29,27
194,226,221
196,52,45
197,521,511
198,521,133
199,534,531
200,813,806
201,329,320
202,598,581
203,2365,2362
204,91,84
205,91,344
206,679,675
207,594,591
208,588,571
209,79,65
210,83,78
211,83,403
212,4618,4609
213,4618,31
214,272,265
215,272,2530
217,138,134
218,235,232
219,727,705
220,1425,1411
221,757,752
222,1687,1684
223,58,29
224,1017,1014
225,132,123
227,387,383
228,387,660
229,238,235
231,523,509
232,5543,5540
234,483,474
235,752,747
237,393,386
238,187,180
239,529,520
240,279,274
242,392,388
243,621,616
244,291,286
245,1106,1102
246,36,29
248,37,33
249,565,556
252,373,368
253,2384,2375
254,588,577
256,190,173
257,290,267
258,1367,1358
260,1081,1075
262,56,52
263,1814,1794
265,821,814
266,10195,10188
267,583,576
268,29,1
269,78,49
270,14497,14489
271,140,135
272,401,392
273,29,2
274,143,140
275,63,51
276,22,15
277,1864,1855
279,503,495
280,613,609
281,10754,10743
282,223,217
283,603,598
284,183,180
285,146,143
286,454,445
287,669,663
288,2064,2061
289,5086,5076
291,90,85
292,90,41
293,1058,1049
295,43,21
296,862,857
297,22,18
298,605,584
299,1127,1113
300,1127,80
301,528,515
303,518,513
304,617,610
306,568,561
308,42,34
309,662,657
311,11,7
312,33,24
313,980,977
314,1028,1011
315,78,73
316,61,49
318,768,752
319,3000,2986
320,317,295
321,1089,1080
322,72,41
323,72,378
324,2412,2409
325,12,7
326,12,5
327,6689,6680
328,378,373
329,315,310
332,597,592
333,961,945
334,372,367
335,1957,1952
336,289,277
337,923,916
338,1152,1125
339,297,287
340,8909,8902
342,83,68
343,1048,1039
345,63,60
346,4244,4217
347,98,86
348,678,655
349,1662,1643
350,1601,1589
351,191,171
352,2115,2107
354,310,301
356,590,584
358,411,401
359,664,657
360,11,1
361,237,228
362,237,172
363,551,548
364,66,57
365,19,11
366,64,33
367,878,863
369,115,82
370,82,68
371,255,233
372,78,65
373,552,536
374,1681,1674
375,407,401
376,4988,4985
377,297,288
378,338,329
379,29263,29253
380,542,537
381,188,179
382,188,203
383,200,194
384,327,297
385,550,547
386,550,229
387,483,479
388,1807,1803
391,303,292
392,11,1
393,460,449
394,3146,3142
395,204,193
396,676,671
397,160,134
398,3404,3401
399,13,8
400,69,53
401,881,871
402,5058,5049
404,731,725
405,159,152
406,3244,3235
407,684,676
408,541,538
409,762,757
410,925,919
411,162,159
412,1016,1010
413,228,223
414,283,280
415,462,435
416,716,691
417,716,173
418,235,214
419,751,735
420,61,46
421,1750,1743
422,968,945
423,968,142
424,897,891
425,434,423
426,220,199
427,6644,6638
428,1184,1177
429,1184,720
430,6630,6624
431,751,735
432,1593,1585
434,152,143
435,1973,1970
436,19,14
437,587,582
438,243,238
439,83,79
440,241,222
441,206,205
442,98,91
443,98,1086
445,38,27
446,380,373
447,393,376
448,3157,3139
449,93,86
450,31,27
451,14,1
453,118,113
455,12,1
456,902,887
457,26,18
458,2981,2965
459,99,79
460,539,520
462,270,265
463,5549,5541
464,1952,1949
466,350,330
467,1232,1213
468,215,203
470,340,323
471,47,42
472,47,245
474,330,314
475,169,147
476,13055,13043
477,393,361
478,6406,6399
479,399,395
480,1371,1361
481,552,545
483,117,110
484,32,1
485,310,305
486,373,371
487,1164,1159
488,5588,5579
489,5588,485
490,137,127
491,137,2074
492,542,533
493,519,508
494,60,55
495,217,213
496,3233,3228
497,12506,12498
499,268,259
501,1016,992
502,3089,3081
503,67,54
504,2090,2086
505,974,963
506,23,16
507,1176,1172
508,1018,1014
509,1018,1481
510,729,723
511,228224,228206
512,148,144
513,833,809
514,332,321
515,89,85
517,163,159
518,363,347
519,327,303
520,327,75
521,276,261
523,1667,1664
524,790,773
526,903,898
528,656,629
529,365,353
530,530,518
532,71,45
533,225,211
534,598,594
535,88,75
536,88,387
537,424,420
538,116,113
539,346,341
540,346,156
541,146,141
542,198,193
543,7194,7190
544,390,378
545,87,76
546,157,139
547,244,227
548,685,675
549,766,755
551,626,605
552,891,882
553,70,63
554,6599,6551
555,233,221
556,1036,1031
557,6433,6421
558,658,649
559,7967,7957
560,172,167
561,110,103
562,384,381
563,461,456
564,4354,4350
565,484,471
566,2163,2159
567,385,369
568,5363,5359
569,414,405
570,54,45
571,1791,1777
572,859,813
573,686,663
574,686,281
575,555,551
576,1942,1931
577,1424,1420
578,110046,110039
579,161,152
580,179,169
581,74,69
583,224,203
584,344,339
586,4022,4018
588,3112,3105
589,612,597
590,94,88
591,118,109
592,24,3
593,286,281
594,329,322
595,747,729
597,1991,1984
598,356,355
599,4291,4275
600,274,267
601,516,511
602,1251,1246
603,216,213
604,7426,7415
605,3328,3313
606,23,12
607,148,138
608,2131,2119
609,568,559
610,46,37
611,80,75
612,234,216
613,920,893
614,2060,2056
615,1060,1052
618,815,801
619,1078,1065
620,1942,1937
621,333,323
622,96,89
623,8195,8188
624,329,324
626,338,333
627,1997,1994
628,11094,11079
629,11094,106
631,78,70
632,78,144
633,257,252
634,365,345
635,28,16
637,1687,1686
638,438,433
639,1535,1521
640,87,67
641,87,80
642,158,154
643,1660,1650
644,1526,1515
645,12352,12344
646,138613,138603
647,581,569
649,484,457
651,163,158
652,163,866
653,510,506
654,6984,6976
655,158,145
656,324,321
658,44,32
659,44,1507
660,760,755
661,74,54
662,48,23
663,690,676
664,134,128
665,2072,2069
667,53,30
669,813,801
670,66,57
671,461,451
672,1905,1899
673,72,64
674,477,472
675,326,308
676,291,285
677,183,170
678,233,203
679,564,555
680,155,146
681,127,120
682,1148,1126
683,180,169
684,157,151
685,4982,4967
686,699,688
687,191,176
688,1366,1331
689,92,72
690,19,1
691,247,225
692,3839,3834
694,262,259
695,1582,1573
696,1422,1421
697,480,466
698,36,21
699,681,670
700,1683,1679
701,15,3
704,126,115
705,41,1
706,41,872
708,253,243
709,1200,1191
710,156,129
711,486,473
712,261,249
713,2173,2167
714,445,439
715,323,312
716,2136,2127
717,9265,9258
718,1797,1793
719,146,121
720,1474,1467
721,186,174
722,130,125
723,1293,1290
724,1157,1147
725,342,338
726,150,113
727,150,453
728,453,445
729,686,677
730,2044,2039
731,6671,6663
732,137,119
733,1657,1654
734,55,48
735,136,123
736,100,73
737,733,729
738,2137,2126
740,I128,I120
741,6679,6672
742,3252,3249
743,414,405
744,515,499
745,781,776
747,179,157
748,552,549
749,8,1
750,192,185
751,186,175
752,129,118
753,371,366
754,2757,2744
755,211,195
756,430,426
757,3121,3109
758,188,182
759,403,398
760,33,26
761,800,796
762,264,249
763,749,739
764,7156,7148
765,1051,1038
767,149,135
768,4460,4453
769,559,556
770,238,231
771,325,318
772,340,328
773,377,372
775,2213,2204
776,377,364
777,997,989
778,397,389
779,338,329
780,404,396
781,1330,1303
782,471,462
783,1952,1937
784,1455,1443
785,1534,1530
787,307,302
788,224,218
789,224,740
791,9121,9112
792,150,141
793,643,636
794,1315,1301
795,200,195
796,1128,1119
798,1368,1364
799,25,14
800,25,121
801,100,89
802,1555,1551
803,2172,2169
804,145,140
805,456,449
806,106,102
807,113,98
808,368,363
809,175,164
810,242,221
811,112,103
812,226,222
813,226,267
814,644,632
815,232,225
816,8094,8079
818,43,29
819,522,487
820,373,347
821,392,385
822,66,50
823,66,169
824,1122,1121
825,320,301
826,270,266
827,198,191
828,198,355
829,348,340
830,89,78
831,167,163
832,182,177
833,182,326
834,A185,A178
835,314,305
836,149,127
837,255,243
838,1491,1479
839,9,1
840,580,571
841,580,132
842,488,473
843,404,397
844,473,467
845,312,307
846,128,121
847,837,832
848,569,545
850,529,499
852,291,286
853,1256,1241
854,455,446
855,450,445
856,543,538
857,138,121
858,133,118
859,2277,2269
860,425,419
861,96,81
862,27,21
863,1019,1012
864,3255,3245
865,300,289
866,300,235
867,165,158
868,201,191
869,166,149
871,13,9
872,400,395
874,400,857
875,135607,135594
877,59,52
878,1256,1255
879,6014,6010
880,7804,7797
881,547,528
882,1108,1107
883,1108,445
884,7,1
885,202,183
886,312,297
888,50,40
889,489,485
890,109,96
891,11,3
892,76,69
893,130946,130928
894,1048,1034
895,365,351
896,609,605
897,1321,1309
898,1321,168
899,526,511
900,3363,3351
902,1346,1339
903,2670,2663
904,1828,1825
905,1543,1520
906,225,222
907,1363,1357
908,466,448
909,551,521
910,1702,1701
911,1702,515
912,590,582
913,295,285
914,12473,12460
915,504,485
916,42,33
917,128,125
919,160,154
921,212,208
922,340,330
923,3054,3042
924,793,789
925,87,80
926,87,87
927,122,118
928,312,301
929,315,304
930,147,140
931,645,636
932,309,308
933,430,419
934,52,47
935,318,313
936,318,36
937,969,957
938,1978,1972
939,202,190
940,252,243
941,1632,1629
942,431,403
943,122,117
944,223,216
945,618,611
946,576,565
947,1842,1833
948,3544,3541
949,666,662
950,344,333
951,130,125
952,1164,1160
953,197,184
955,868,856
956,868,484
957,390,387
958,228,216
959,67,45
960,427,426
961,427,406
962,35,22
964,358,349
965,5081,5070
966,541,527
967,1663,1650
968,1425,1401
969,405,401
971,250,236
972,250,686
973,5794,5787
974,596,581
975,17,9
976,547,543
977,1338,1317
978,387,377
979,259,256
980,1847,1834
981,288,277
982,479,464
983,248,244
984,1392,1379
985,499,481
986,648,627
989,1525,1518
990,1088,1087
991,13204,13183
992,13204,977
993,12553,12544
994,142,133
995,1087,1082
998,288,277
0,142,133
1,529,523
2,463,451
4,5048,5035
5,203,192
6,467,464
7,1054,1051
8,437,426
9,104,93
11,717,716
13,12183,12176
14,72,62
16,12718,12709
17,123,117
18,549,531
19,1411,1405
21,439,432
22,66,54
23,442,432
24,48,32
25,513,508
26,1054,1051
27,476,465
28,882,851
29,39044,38999
30,485,481
31,181,177
32,903,898
33,647,638
34,64,60
35,112,87
36,352,348
37,224,221
38,280,264
39,346,342
40,365,358
41,515,507
42,710,703
43,816,789
45,103,93
46,103,4216
47,187,135
48,564,554
50,253,245
51,201,165
52,88,85
54,486,481
55,903,896
56,21,15
57,33,21
59,144,124
60,141,111
61,229,197
62,156,142
64,159,153
65,1410,1406
66,132,109
67,932,921
68,127,115
69,510,499
70,1809,1791
71,2000,1987
74,175,166
75,1740,1724
76,2770,2759
77,175,159
78,1420,1389
79,892,877
80,6103,6096
81,596,584
82,862,845
83,700,691
84,877,867
85,58,45
86,2538,2532
88,242,238
89,24,19
90,448,441
91,3608,3601
93,174209,174200
94,64,61
95,8829,8817
96,265,262
97,2011,2002
99,543,536
100,303,293
101,388,379
102,255,249
103,94,89
104,94,530
105,70,50
106,78,72
107,212,198
108,21,15
109,21,161
110,1188,1181
112,380,367
113,94,85
114,716,715
115,7520,7512
116,1624,1617
117,1624,201
118,114,107
119,4635,4623
120,104,99
121,2648,2639
122,200,195
123,297,281
126,313,306
127,73,59
128,434,417
129,160,152
130,552,549
131,89,75
132,3790,3779
133,360,355
134,358,340
135,2947,2945
136,35,30
137,33,26
138,84,73
139,5811,5803
140,194,185
142,24,19
143,1243,1234
144,205,195
145,939,930
147,121,113
148,526,515
149,7545,7538
151,148,132
152,957,954
153,129,121
154,37,23
155,1190,1189
156,158,147
157,75,59
158,514,505
159,639,632
160,723,716
161,1418,1415
162,1418,313
163,593,586
164,342,339
165,6422,6415
166,4597,4582
167,880,873
168,2299,2296
169,251,241
170,1240,1231
171,1240,614
172,1060,1055
173,32,18
174,32,474
175,328,323
176,18,14
177,181,178
178,125,115
180,441,428
181,2414,2409
182,105,85
183,392,383
184,357,353
185,500,491
186,4203,4199
187,108,103
188,108,149
189,280,277
190,404,397
191,608,601
192,588,577
193,171,164
194,64,56
195,25,10
196,3470,3464
197,236,227
198,3547,3541
199,177,165
200,218,211
202,461,447
204,283,276
205,64,51
206,11,1
207,92,90
208,77,68
209,190,176
211,397,385
212,3452,3449
213,734,726
214,175,167
215,1109,1104
216,80,71
217,218,211
218,73,64
219,337,324
220,752,740
221,5232,5226
222,522,491
223,8479,8472
224,375,368
225,215,191
228,1946,1943
229,777,752
230,199,192
231,617,609
232,65,56
233,6492,6479
234,108,99
235,938,927
236,189,180
237,622,615
239,901,890
240,194,189
241,306,283
242,84104,84093
243,19,9
244,1378,1375
245,630,615
246,3158,3152
247,2287,2281
251,342,335
254,1247,1216
255,155,146
257,234,215
258,3925,3885
259,1447,1440
260,3225,3218
261,388,375
263,548,538
265,14,7
266,163,152
267,1712,1700
269,4123,4115
271,288,277
272,778,763
273,33,19
274,657,645
275,412,397
276,639,627
277,908,908
278,3659,3649
279,5296,5288
280,26,13
281,480,472
282,1251,1232
284,2455,2445
285,I58,I49
286,I58,92
287,461,449
288,7061,7047
289,373,364
290,2542,2536
291,75,67
292,969,931
294,8443,8433
295,89,84
297,836,824
298,377,351
299,148016,148004
300,47,39
301,206,199
302,105,94
303,125,103
305,1041,1038
306,234,231
307,135,111
308,1515,1509
311,96,89
312,6456,6449
313,1640,1631
314,149,140
315,230,213
316,288,275
317,642,639
318,124,108
319,1104,1095
320,168,161
321,243,221
323,1204,1197
325,343,339
326,142,138
327,4437,4432
328,390,381
329,132,128
331,31,1
332,508,485
333,298,269
334,298,80
335,2209,2204
336,2268,2264
337,158,155
338,3871,3865
340,323,318
341,86,71
343,36,30
344,552,542
345,3363,3359
346,51,41
347,217,212
348,3104,3098
350,692,683
351,522,517
352,22,13
353,1577,1571
354,1390,1370
355,213,206
356,1475,1460
357,159,151
359,834,823
360,109,104
361,1573,1559
362,224,203
363,400,381
366,5891,5884
367,41941,41928
368,4357,4345
369,152,147
371,99,91
374,99,618
375,586,561
376,480,477
377,8017,8010
378,202,196
379,764,759
380,2031,2025
381,264,230
382,136,125
385,458,447
386,179,175
387,337,307
388,362,348
389,387,375
390,132,127
391,1192,1187
392,316,310
393,411,406
394,12856,12848
395,3700,3695
396,261,247
397,159,152
398,458,451
399,2535,2530
400,154,148
401,1296,1293
403,E184,E178
404,3931,3919
405,2891,2885
406,276,257
407,1082,1074
408,239,232
410,890,860
411,744,735
412,744,180
413,188,178
414,2432,2407
415,195,184
416,1698,1695
418,3043,3039
420,3043,337
421,3043,3701
422,411,406
423,286,269
424,636,626
425,264,255
426,2345,2335
427,591,583
428,503,478
429,1994,1975
430,95,77
431,1212,1205
433,1224,1222
434,10711,10704
435,391,371
436,77,57
437,401,384
438,499,496
439,58,4
440,400,361
441,313,306
444,39,11
445,61,54
446,22739,22729
448,1271,1254
449,694,628
450,468,457
451,616,607
452,362,331
453,781,775
454,237,233
455,94,73
458,1652,1645
459,16,5
460,1130,1130
461,448,437
462,177,169
463,1506,1499
465,132,122
466,111,107
468,332,320
470,591,577
471,132,129
472,128,101
475,22,15
477,130,114
479,108,93
481,112,108
482,194,163
483,798,791
484,1346,1335
485,1518,1509
486,184,174
487,277,272
488,307,294
490,307,400
491,389,378
492,3198,3197
494,20,3
496,88,69
497,22,14
498,670,650
500,121,99
502,1238,1216
503,3616,3612
504,2403,2394
505,4436,4416
507,199,188
508,196,183
509,216,199
510,50,41
511,50,2
512,50,74
513,222,217
514,815,811
515,28,1
516,93,89
518,1014,1009
519,251,236
520,488,465
521,257,247
522,1207,1131
523,7373,7363
524,573,564
526,421,413
527,1656,1653
529,17,1
530,616,591
531,563,553
532,10,1
533,21,10
535,887,874
536,395,371
537,39,27
538,827,811
539,283,267
540,4009,3999
541,920,920
542,125,119
543,48,25
544,36,32
546,235,224
547,20,1
549,194,184
550,1025,1020
552,12709,12701
554,447,436
555,599,559
556,948,933
557,87,75
558,26,15
559,2875,2837
560,382,374
562,188,176
563,1041,1035
564,459,434
565,153,132
568,1032,1028
569,427,421
570,427,13
571,271,256
572,426,418
573,3764,3740
574,685,670
575,47,1
576,898,887
577,315,303
578,356,349
579,43823,43799
582,27,18
583,7889,7885
584,7905,7901
585,43,21
586,206,185
588,553,544
590,167,149
591,94,79
592,207,199
593,268,257
594,268,264
595,103109,103091
596,677,670
597,475,461
599,138,117
600,401,379
601,115562,115548
603,726,721
604,652,640
606,3316,3303
607,1606,1575
609,3191,3180
610,138,122
611,446,405
612,197,168
613,1110,1104
614,2075,2067
615,626,595
617,195,179
618,10467,10445
620,890,887
621,4786,4777
622,1379,1374
623,135,109
624,868,865
625,55,40
626,694,685
627,1087,1059
628,842,821
629,329,303
631,73,59
632,258,254
633,4520,4512
634,158,143
635,16,9
636,491,490
637,2476,2469
638,206,196
639,159,154
640,677,670
644,107,93
645,293,271
646,736,705
647,774,762
648,3082,3074
649,1006,1006
650,1340,1328
651,1654,1645
654,344,323
656,3006,2917
657,612,547
660,2928,2909
661,338,295
662,338,317
663,52943,52926
664,919,889
665,1115,1107
666,279,245
667,782,772
670,867,865
0,33,13
4,62,54
5,402,371
6,202,195
7,294,271
8,361,351
9,498,486
11,563,550
12,550,540
14,4257,4251
17,451,442
19,516,503
20,270,265
22,4163,4157
23,292,285
24,233,222
25,266,266
26,266,651
27,291,285
28,1176,1173
29,393,390
30,443,438
31,1287,1284
32,2423,2409
33,2423,118
34,248,245
35,517,513
36,517,151
38,156,149
39,323,317
40,1064,1060
41,55,51
42,2567,2562
43,218,202
44,745,740
45,87,82
46,439,435
47,1173,1169
48,5764,5755
49,288,282
51,288,826
52,336,331
55,8,1
56,1530,1527
57,143,136
58,1000,997
59,403,397
60,91,85
61,281,266
63,217,211
64,38030,38012
66,135,131
67,32,27
68,1452,1443
69,72,65
70,215,178
71,95,84
72,662,654
74,363,354
75,405,397
77,239,236
79,1038,1023
80,1038,256
81,37,32
82,435,425
83,158,152
84,808,804
85,68,64
86,29,23
87,335,329
88,496,489
89,340,335
90,156070,156043
91,171,159
92,171,530
93,171,593
94,1323,1315
95,70,66
96,260,253
97,81,63
98,376,371
99,169,165
100,3059,3053
102,303,292
103,592,582
104,40,35
105,655,648
106,4601,4598
107,262,256
108,18,10
109,2072,2061
110,170,167
112,429,424
113,1209,1206
114,110,109
115,13,8
116,2392,2389
117,469,458
118,1524,1519
119,347,332
120,218,213
121,411,404
123,669,651
124,51,39
125,370,366
126,237,223
127,237,207
128,316,299
130,5929,5897
131,655,644
132,39,27
134,52,45
135,250,246
136,1702,1697
137,527,521
138,273,270
139,2861,2845
141,1317,1310
142,1317,372
143,401,394
144,85,77
145,601,591
146,143,131
149,606,601
150,606,139
151,102,98
152,249,244
153,245,241
154,703,698
155,43,39
156,269,264
157,193,186
158,586,569
161,148,135
162,3693,3686
163,184,169
164,22,15
165,9988,9987
166,393,387
167,727,722
168,94,88
169,84,77
170,236,227
172,207,203
173,101,96
174,32,31
175,136,129
177,467,457
178,289,284
180,289,65
182,33890,33875
183,66,1
184,66,250
185,715,705
187,525,517
188,102,91
189,143,138
190,734,728
191,380,375
193,232,217
194,184,175
195,4023,4013
196,457,447
197,484,478
199,146,138
200,234,203
201,488,479
202,14,3
203,66,61
204,315,305
205,2228,2221
206,176,171
209,314,305
210,588,581
211,1747,1735
212,73,69
215,320,307
216,272,261
217,696,684
218,644,639
219,207,193
221,789,787
222,18297,18289
223,11,6
224,319,312
225,161,155
226,65,61
227,350,329
228,202,196
229,44,39
230,6,1
231,423,415
232,600,595
233,600,422
236,228,223
237,674,670
240,461,447
241,461,577
242,396,387
243,96,93
245,257,250
246,257,795
249,18,13
250,153,135
251,209,206
253,100,97
254,100,403
255,696,687
257,277,261
258,469,464
259,31,22
260,395,385
262,54,49
263,3938,3925
264,6699,6690
267,215,205
268,1611,1606
269,1611,511
270,432,427
271,173,165
272,2130,2125
273,4791,4784
274,528,522
275,158,154
276,14522,14514
277,81,78
279,275,264
280,592,586
281,532,518
282,407,389
283,996,985
285,23,5
288,581,575
289,43,29
290,597,592
291,211,200
292,48,37
293,446,440
294,36,33
295,672,663
296,202,199
298,836,825
299,359,358
300,286,283
302,34,32
303,362,351
304,64,59
306,198,192
307,765,762
308,807,803
309,277,272
311,956,949
313,314,309
314,59,45
315,389,383
316,254,245
318,254,1073
319,37,25
321,220,215
322,211,206
323,1161,1154
324,394,389
325,313,307
327,312,305
328,414,408
329,290,284
330,196,186
331,23,19
332,23,347
333,23,597
334,5787,5780
335,5787,593
336,322,315
337,426,423
338,94,90
339,849,836
340,345,330
342,52,49
343,50,47
344,242,235
345,417,405
346,236,219
347,231,220
348,301,297
349,276,257
352,392,388
353,18,11
354,494,489
355,494,122
356,401,396
357,25,20
358,176,161
359,254,252
360,1829,1825
361,1776,1765
363,435,431
364,38,34
365,2555,2528
367,590,581
368,235,227
369,613,606
370,864,850
372,126,120
373,663,660
374,110,105
379,239,234
381,4158,4152
382,90,75
383,709,706
384,532,519
385,208,198
386,1354,1350
387,1354,347
388,299,287
389,46,42
390,957,952
391,11503,11491
392,564,555
393,260,256
395,640,635
396,2756,2749
397,396,389
398,1179,1178
399,1996,1987
401,1996,216
402,32,15
403,32,39
404,676,661
405,5005,5001
406,645,642
407,87,79
408,406,393
409,371,362
410,479,467
412,126,123
413,279,275
414,524,520
416,706,701
417,910,906
418,7832,7828
419,801,796
420,XVI,XV
421,300,293
422,1286,1271
423,849,846
424,85,75
425,85,XI
426,XXIII,XIX
427,64,37
428,12,7
429,298,293
430,150,141
431,206,198
432,1372,1356
433,1372,246
434,522,519
435,44,33
436,18,13
437,94,93
438,308,305
439,308,827
440,402,378
441,496,493
442,4860,4854
444,408,401
445,176,169
446,86,68
447,149,129
448,149,31
449,429,426
450,45,40
452,240,229
453,198,195
454,423,420
455,119,115
456,180,178
457,264,255
458,237,234
459,5584,5579
460,397,394
461,298,288
463,436,426
464,281,280
466,343,338
467,248,242
468,5311,5301
469,157,145
470,6724,6718
471,278,261
472,321,318
473,5815,5799
474,373,362
475,370,367
476,52,23
477,261,256
478,3137,3109
479,336,334
480,222,215
481,411,401
482,14,3
483,543,535
484,543,149
485,747,711
486,48,43
487,437,433
488,379,367
489,279,275
490,365,359
491,355,345
492,53,50
493,108,101
494,56,47
495,2408,2397
496,6016,6005
497,126,117
498,49,39
499,891,877
500,2077,2071
501,74,63
503,92,71
504,882,871
505,417,405
506,138,132
507,278,259
508,7369,7362
509,75,69
510,389,375
512,783,779
513,373,373
514,184,163
515,354,347
517,243,233
518,144,126
519,1371,1366
520,74,64
521,1101,1085
523,349,330
524,204,185
525,248,229
526,132,128
527,116,101
528,303,281
529,461,443
530,369,365
531,383,374
532,160,153
533,689,671
534,134,127
535,1512,1508
536,1899,1895
538,140272,140261
541,376,370
542,990,979
544,22,15
545,649,649
546,193,184
547,7772,7764
548,4607,4599
549,22,13
550,988,987
551,988,121
552,394,389
553,275,251
554,496,487
555,11288,11279
556,11288,347
558,15950,15949
559,8990,8975
560,178,173
561,389,363
562,408,400
563,98,93
564,13265,13248
565,1162,1155
566,1136,1133
567,158,150
568,158,145
569,512,511
570,21,16
571,1856,1853
572,428,419
573,709,705
574,121,107
576,398,391
577,1905,1902
578,1104,1093
579,148,143
580,67,57
583,3261,3256
585,594,591
586,68,57
587,318,310
588,879,874
589,300,291
590,6655,6651
591,205,200
592,110,103
594,92,88
596,24,1
597,639,635
598,963,955
599,11290,11273
600,234,227
601,308,302
602,674,670
603,352,339
605,215,200
606,463,457
607,1046,1029
608,2150,2146
609,2317,2313
610,1068,1045
611,393,388
612,9822,9815
613,3305,3275
614,599,584
615,42,33
616,460,456
617,320,307
618,245,237
619,8223,8219
620,1582,1563
621,187,171
622,187,438
623,216,212
624,6596,6587
625,81,71
626,835,835
627,964,960
628,840,821
629,43,40
630,244,233
631,354,346
632,4807,4800
634,12115,12097
635,218371,218360
637,227,223
638,271,270
639,1693,1690
640,875,857
641,6730,6725
642,1161,1151
643,521,506
644,2315,2311
645,66,60
646,66,192
647,66,189
649,718,715
650,63,53
651,121,114
652,48,45
655,2949,2944
656,228,225
657,448,420
659,518,507
660,76,71
663,463,439
664,8110,8109
666,3715,3712
667,226,217
668,733,729
669,1299,1291
673,1299,165
674,907,903
675,153,140
676,177,172
677,310,293
678,403,388
680,614,609
681,1180,1177
682,53,28
683,53,249
684,726,719
685,210,204
686,1502,1499
687,67,61
688,60,53
689,299,290
690,538,529
692,178,168
693,101,91
694,32,14
697,195,192
698,184,181
701,645,636
702,161,154
703,497,493
704,440,432
705,716,675
706,192,185
707,81,73
708,67,53
709,563,555
710,3767,3734
711,26,16
712,26,110
713,165,154
714,165,353
715,1068,1065
716,173,153
717,1469,1454
720,448,440
722,11,1
723,133,129
724,526,497
725,147,126
726,294,290
727,2864,2861
728,1069,1043
729,195,189
730,90,76
731,87,79
733,235,231
734,747,737
735,152,149
736,625,616
738,2733,2729
739,5809,5805
740,2431,2421
742,199,187
744,118,113
745,278,274
746,100,89
747,326,321
748,105,93
750,207,204
751,449,436
752,126,121
753,407,397
754,1179,1177
755,218,214
756,1701,1695
757,114,107
758,227,223
759,1764,1748
760,195,190
761,178953,178946
762,794,779
763,4445,4437
764,290,288
765,303,287
766,2297,2287
767,156,151
768,1393,1388
769,424,409
770,258,247
771,152,141
772,443,397
773,37,22
775,155,150
776,218,210
777,29,24
778,100,79
779,474,461
780,474,408
781,1228,1227
782,320,316
783,30,17
784,1009,996
786,90,85
787,26,11
788,56,43
789,281,273
790,103810,103804
791,5,1
792,5,539
793,171,166
794,531,530
795,1582,1575
796,1582,3553
797,6708,6700
798,78,77
799,432,422
800,1145,1111
801,533,529
803,24,19
804,2974,2966
805,1072,1069
806,1072,643
808,144,137
809,85,67
810,95,75
811,589,580
813,1222,1222
814,4652,4641
815,305,299
816,65,49
817,914,905
818,1792,1787
819,831,820
820,7815,7803
821,304,293
822,388,378
823,1619,1613
824,28,20
825,73,68
826,382,373
827,448,444
828,101,95
829,823,811
830,213,205
831,339,336
833,517,514
834,258,249
835,185,1
836,97,90
837,194,185
838,34,26
839,92,88
840,677,664
841,108,101
842,108,2526
843,89,77
845,168,161
846,273,260
847,120,117
849,30,26
850,30,37
851,392,389
852,3093,3089
853,37,30
854,2523,2520
855,600,592
856,756,731
857,1094,1089
858,1213,1213
860,296,287
862,288,278
863,496,487
864,685,680
865,2343,2338
866,9169,9159
867,539,526
868,316,311
869,316,383
870,2037,2031
872,128,126
873,286,271
874,2010,1990
875,257,250
876,854,845
877,100,87
879,77,67
880,17000,16983
881,661,635
882,2119,2113
884,380,377
885,3814,3802
886,8639,8631
887,169,153
888,154,135
889,89,69
890,4802,4797
891,1778,1775
892,1042,1037
893,50,49
894,168153,168141
895,1505,1500
896,198,179
897,522,517
898,772,768
899,70,56
900,1995,1991
901,3434,3427
902,641,636
905,320,315
906,437,434
907,2952,2947
909,542,537
910,68,60
911,120,117
912,386,382
913,184,180
914,301,300
915,513,508
916,1694,1686
918,565,553
919,287,278
920,915,887
921,821,818
924,664,646
925,859,851
926,217,214
927,217,154
928,143,139
929,738,721
930,4625,4620
931,44,40
932,44,551
933,44,221
935,338,329
936,5092,5082
937,123671,123660
938,826,821
940,240,237
941,240,144
942,247,244
943,228,220
944,1735,1728
945,140,130
947,409,391
948,8033,8026
949,176,171
951,248,243
952,40625,40611
953,3600,3582
954,505,495
956,460,435
957,968,959
958,568,564
959,1111,1110
961,369,337
962,120386,120375
964,787,786
965,99,96
966,134,131
967,1534,1531
968,95,78
969,719,712
971,1812,1807
972,126,115
974,56,43
975,57,52
976,259,255
977,102,94
978,102,861
981,175,171
982,6739,6731
983,271,264
984,4365,4361
986,157,153
988,358,338
989,460,453
990,164,141
991,315,307
992,253,245
995,27,16
996,534,522
998,516,508
999,1866,1853
